<?xml version="1.0" encoding="UTF-8"?>

<mule xmlns:json="http://www.mulesoft.org/schema/mule/json" xmlns:db="http://www.mulesoft.org/schema/mule/db" xmlns:http="http://www.mulesoft.org/schema/mule/http" xmlns:tracking="http://www.mulesoft.org/schema/mule/ee/tracking" xmlns="http://www.mulesoft.org/schema/mule/core" xmlns:doc="http://www.mulesoft.org/schema/mule/documentation"
	xmlns:spring="http://www.springframework.org/schema/beans" 
	xmlns:xsi="http://www.w3.org/2001/XMLSchema-instance"
	xsi:schemaLocation="http://www.springframework.org/schema/beans http://www.springframework.org/schema/beans/spring-beans-current.xsd
http://www.mulesoft.org/schema/mule/core http://www.mulesoft.org/schema/mule/core/current/mule.xsd
http://www.mulesoft.org/schema/mule/http http://www.mulesoft.org/schema/mule/http/current/mule-http.xsd
http://www.mulesoft.org/schema/mule/ee/tracking http://www.mulesoft.org/schema/mule/ee/tracking/current/mule-tracking-ee.xsd
http://www.mulesoft.org/schema/mule/db http://www.mulesoft.org/schema/mule/db/current/mule-db.xsd
http://www.mulesoft.org/schema/mule/json http://www.mulesoft.org/schema/mule/json/current/mule-json.xsd">
    <db:generic-config name="Generic_Database_Configuration" url="jdbc:sqlserver://LHRLT-2138;user=sa;password=abcd@1234" driverClassName="com.microsoft.sqlserver.jdbc.SQLServerDriver" doc:name="Generic Database Configuration"/>
    <sub-flow name="getFlow">
        <logger level="INFO" doc:name="Logger" message="getting data from database"/>
        <set-variable variableName="offset" value="#[message.inboundProperties.'http.query.params'.offset]" doc:name="offset"/>
        <set-variable variableName="fetchsize" value="#[message.inboundProperties.'http.query.params'.fetchsize]" doc:name="fetchsize"/>
        <db:select config-ref="Generic_Database_Configuration" doc:name="Get All Records">
            <db:parameterized-query><![CDATA[select [ID],[Name] from [TestDB].[dbo].[Student] ORDER BY ID ASC OFFSET #[flowVars.offset] rows fetch next #[flowVars.fetchsize] rows only]]></db:parameterized-query>
        </db:select>
        <logger message="#[payload]" level="INFO" doc:name="Logger"/>
    </sub-flow>
     <sub-flow name="getFlow_filter">
        <logger level="INFO" doc:name="Logger" message="getting data from database"/>
        <set-variable variableName="offset" value="#[message.inboundProperties.'http.query.params'.offset]" doc:name="offset"/>
        <set-variable variableName="fetchsize" value="#[message.inboundProperties.'http.query.params'.fetchsize]" doc:name="fetchsize"/>
        <db:select config-ref="Generic_Database_Configuration" doc:name="Get All Records">
            <db:parameterized-query><![CDATA[select [ID],[Name] from [TestDB].[dbo].[Student] where Name like #["%"+flowVars.filter+"%"]]]></db:parameterized-query>
        </db:select>
        <logger message="#[payload]" level="INFO" doc:name="Logger"/>
    </sub-flow>
    
     <sub-flow name="postFlow">
      <logger level="INFO" doc:name="Logger" message="getting data from database"/>
        <json:json-to-object-transformer returnClass="java.util.HashMap" doc:name="JSON to Object"/>
        <db:insert config-ref="Generic_Database_Configuration" doc:name="Insert Record">
            <db:parameterized-query><![CDATA[INSERT INTO [TestDB].[dbo].[Student] Values (#[payload.Name])]]></db:parameterized-query>
              
        </db:insert>
        <logger message="#[payload]" level="INFO" doc:name="Logger"/>
    </sub-flow>
      <sub-flow name="deleteFlow">
       <logger level="INFO" doc:name="Logger" message="getting data from database"/>
        <db:delete config-ref="Generic_Database_Configuration" doc:name="Delete Record">
            <db:parameterized-query><![CDATA[Delete FROM [TestDB].[dbo].[Student] Where ID = #[flowVars.ID]]]></db:parameterized-query>
              
        </db:delete>
        <logger message="#[payload]" level="INFO" doc:name="Logger"/>
    </sub-flow>
       <sub-flow name="putFlow">
        <logger level="INFO" doc:name="Logger" message="getting data from database"/>
        <json:json-to-object-transformer returnClass="java.util.HashMap" doc:name="JSON to Object"/>
        <db:update config-ref="Generic_Database_Configuration" doc:name="Update record">
            <db:parameterized-query><![CDATA[UPDATE [TestDB].[dbo].[Student]  SET Name= #[payload.Name] where ID= #[payload.ID]]]></db:parameterized-query>
              
        </db:update>
        <logger message="#[payload]" level="INFO" doc:name="Logger"/>
    </sub-flow>
</mule>
