<?xml version="1.0" encoding="UTF-8"?>
<mule xmlns:doc="http://www.mulesoft.org/schema/mule/documentation" xmlns="http://www.mulesoft.org/schema/mule/core" xmlns:apikit="http://www.mulesoft.org/schema/mule/apikit" xmlns:http="http://www.mulesoft.org/schema/mule/http" xmlns:spring="http://www.springframework.org/schema/beans" xmlns:xsi="http://www.w3.org/2001/XMLSchema-instance" xsi:schemaLocation="http://www.mulesoft.org/schema/mule/core http://www.mulesoft.org/schema/mule/core/current/mule.xsd
http://www.mulesoft.org/schema/mule/http http://www.mulesoft.org/schema/mule/http/current/mule-http.xsd
http://www.mulesoft.org/schema/mule/apikit http://www.mulesoft.org/schema/mule/apikit/current/mule-apikit.xsd
http://www.springframework.org/schema/beans http://www.springframework.org/schema/beans/spring-beans-3.1.xsd">
    <http:listener-config name="interface-httpListenerConfig" host="0.0.0.0" port="8081" doc:name="HTTP Listener Configuration"/>
    <apikit:config name="interface-config" raml="interface.raml" consoleEnabled="false" doc:name="Router"/>
    <flow name="interface-main">
        <http:listener config-ref="interface-httpListenerConfig" path="/api/*" doc:name="HTTP"/>
        <apikit:router config-ref="interface-config" doc:name="APIkit Router"/>

    </flow>
    <flow name="interface-console">
        <http:listener config-ref="interface-httpListenerConfig" path="/console/*" doc:name="HTTP"/>
        <apikit:console config-ref="interface-config" doc:name="APIkit Console"/>
    </flow>
    <flow name="put:/test:interface-config">
        <flow-ref name="putFlow" doc:name="Flow Reference deleteFlow"/>

    </flow>
    <flow name="delete:/test/{ID}:interface-config">
        <flow-ref name="deleteFlow" doc:name="Flow Reference deleteFlow"/>

    </flow>
     <flow name="get:/test/{filter}:interface-config">
        <flow-ref name="getFlow_filter" doc:name="Flow Reference getFlow"/>

    </flow>
    <flow name="get:/test:interface-config">
        <flow-ref name="getFlow" doc:name="Flow Reference getFlow"/>

    </flow>
    <flow name="post:/test:interface-config">
        <flow-ref name="postFlow" doc:name="Flow Reference postFlow"/>

    </flow>

</mule>
