<?xml version="1.0" encoding="UTF-8"?>
<mule xmlns="http://www.mulesoft.org/schema/mule/core" xmlns:apikit="http://www.mulesoft.org/schema/mule/apikit" xmlns:doc="http://www.mulesoft.org/schema/mule/documentation" xmlns:http="http://www.mulesoft.org/schema/mule/http" xmlns:json="http://www.mulesoft.org/schema/mule/json" xmlns:spring="http://www.springframework.org/schema/beans" xmlns:tracking="http://www.mulesoft.org/schema/mule/ee/tracking" xmlns:xsi="http://www.w3.org/2001/XMLSchema-instance" xsi:schemaLocation="http://www.mulesoft.org/schema/mule/core http://www.mulesoft.org/schema/mule/core/current/mule.xsd
http://www.mulesoft.org/schema/mule/http http://www.mulesoft.org/schema/mule/http/current/mule-http.xsd
http://www.mulesoft.org/schema/mule/apikit http://www.mulesoft.org/schema/mule/apikit/current/mule-apikit.xsd
http://www.springframework.org/schema/beans http://www.springframework.org/schema/beans/spring-beans-3.1.xsd
http://www.mulesoft.org/schema/mule/json http://www.mulesoft.org/schema/mule/json/current/mule-json.xsd
http://www.mulesoft.org/schema/mule/ee/tracking http://www.mulesoft.org/schema/mule/ee/tracking/current/mule-tracking-ee.xsd">
    <http:listener-config name="main-interface-httpListenerConfig" host="0.0.0.0" port="8081" doc:name="HTTP Listener Configuration" />
    <apikit:config name="main-interface-config" raml="main-interface.raml" consoleEnabled="false" doc:name="Router" />
    <flow name="main-interface-main">
        <http:listener config-ref="main-interface-httpListenerConfig" path="/v1/sfg/*" doc:name="HTTP" />
        <apikit:router config-ref="main-interface-config" doc:name="APIkit Router" />
        <exception-strategy ref="interface-apiKitGlobalExceptionMapping" doc:name="Reference Exception Strategy" />
    </flow>
    <flow name="main-interface-console">
        <http:listener config-ref="main-interface-httpListenerConfig" path="/console/*" doc:name="HTTP" />
        <apikit:console config-ref="main-interface-config" doc:name="APIkit Console" />
    </flow>
    <!-- User related flows Start -->
    <flow name="post:/user:application/json:main-interface-config">
        <flow-ref name="postUserFlow" doc:name="postUserFlow" />
    </flow>
    <flow name="put:/user/{userid}:main-interface-config">
        <flow-ref name="putUserFlow" doc:name="putUserFlow" />
    </flow>
    <flow name="get:/user/filter/{filter}:main-interface-config">
        <flow-ref name="getUserFlow_filter" doc:name="getUserFlow_filter" />
    </flow>
    <flow name="post:/user:main-interface-config">
        <flow-ref name="getUserFlow" doc:name="getUserFlow" />
    </flow>
    <flow name="delete:/user/{userid}:main-interface-config">
        <flow-ref name="deleteUserFlow" doc:name="deleteUserFlow" />
    </flow>
    <flow name="get:/user/{userid}:main-interface-config">
        <flow-ref name="getUserByIdFlow" doc:name="getUserByIdFlow" />
    </flow>
    <flow name="get:/user:main-interface-config">
        <flow-ref name="getUserFlow" doc:name="getUserByIdFlow" />
    </flow>
    <!-- User related flows Ends -->
    <!-- Server related flows Start -->
    <flow name="get:/server/{serverid}:main-interface-config">
        <flow-ref name="getServerByIdFlow" doc:name="getServerByIdFlow" />
    </flow>
    <flow name="put:/server/{serverid}:main-interface-config">
        <flow-ref name="putServerFlow" doc:name="putServerFlow" />
    </flow>
    <flow name="delete:/server/{serverid}:main-interface-config">
        <flow-ref name="deleteServerFlow" doc:name="deleteServerFlow" />
    </flow>
    <flow name="get:/server:main-interface-config">
        <flow-ref name="getServerFlow" doc:name="getServerFlow" />
    </flow>
    <flow name="post:/server:main-interface-config">
        <flow-ref name="postServerFlow" doc:name="postServerFlow" />
    </flow>
    <!-- Server related flows Ends -->
    <!-- Transfer related flows Start -->
    <!-- Transfer related flows End -->
    <!-- common related flows Start -->
    <flow name="get:/server/filter/{filter}:main-interface-config">
        <flow-ref name="getServerFlow_filter" doc:name="getServerFlow_filter" />
    </flow>
    <flow name="get:/transfer/{id}/status:main-interface-config">
        <flow-ref name="getTransferStatusById" doc:name="getTransferStatusById"/>

    </flow>
    <flow name="get:/transfer:main-interface-config">
        <flow-ref name="getTransferFlow" doc:name="getTransferFlow"/>

    </flow>
    <flow name="get:/transfer/{filter}:main-interface-config">
        <flow-ref name="getTransferFlow_filter" doc:name="getTransferFlow_filter"/>

    </flow>
    <!-- common related flows Start -->
</mule>
