<?xml version="1.0" encoding="UTF-8"?>

<mule xmlns:dw="http://www.mulesoft.org/schema/mule/ee/dw" xmlns:json="http://www.mulesoft.org/schema/mule/json" xmlns:db="http://www.mulesoft.org/schema/mule/db" xmlns:http="http://www.mulesoft.org/schema/mule/http" xmlns:tracking="http://www.mulesoft.org/schema/mule/ee/tracking" xmlns="http://www.mulesoft.org/schema/mule/core" xmlns:doc="http://www.mulesoft.org/schema/mule/documentation"
	xmlns:spring="http://www.springframework.org/schema/beans" 
	xmlns:xsi="http://www.w3.org/2001/XMLSchema-instance"
	xsi:schemaLocation="http://www.springframework.org/schema/beans http://www.springframework.org/schema/beans/spring-beans-current.xsd
http://www.mulesoft.org/schema/mule/core http://www.mulesoft.org/schema/mule/core/current/mule.xsd
http://www.mulesoft.org/schema/mule/http http://www.mulesoft.org/schema/mule/http/current/mule-http.xsd
http://www.mulesoft.org/schema/mule/ee/tracking http://www.mulesoft.org/schema/mule/ee/tracking/current/mule-tracking-ee.xsd
http://www.mulesoft.org/schema/mule/db http://www.mulesoft.org/schema/mule/db/current/mule-db.xsd
http://www.mulesoft.org/schema/mule/json http://www.mulesoft.org/schema/mule/json/current/mule-json.xsd
http://www.mulesoft.org/schema/mule/ee/dw http://www.mulesoft.org/schema/mule/ee/dw/current/dw.xsd">
    <sub-flow name="getServerFlow">
        <logger level="INFO" doc:name="Logger" message="getting data from database"/>
        <set-variable variableName="offset" value="#[message.inboundProperties.'http.uri.params'.offset]" doc:name="offset"/>
        <set-variable variableName="fetchsize" value="#[message.inboundProperties.'http.uri.params'.fetchsize]" doc:name="fetchsize"/>
        <db:select config-ref="Generic_Database_Configuration" doc:name="Get All Records">
            <db:parameterized-query><![CDATA[SELECT [SFG_SERVER_ID]
      ,[SFG_SERVER_NAME]
      ,[SFG_SERVER_STATUS]
      ,[SFG_SERVER_APP]
      ,[SFG_SERVER_DC]
      ,[SFG_SERVER_ZONE]
      ,[SFG_SERVER_PROTOCOL]
      ,[SFG_SERVER_ADDED_DT]
      ,[SFG_SERVER_UPDATED_DT]
  FROM [SFG].[dbo].[SFG_SERVER]
  ORDER BY [SFG_SERVER_ID]]]></db:parameterized-query>
        </db:select>
        <dw:transform-message doc:name="Transform Message">
            <dw:set-payload><![CDATA[%dw 1.0
%output application/json
---
payload]]></dw:set-payload>
        </dw:transform-message>
        <logger message="#[payload]" level="INFO" doc:name="Logger"/>
    </sub-flow>
     <sub-flow name="getServerFlow_filter">
        <logger level="INFO" doc:name="Logger" message="getting data from database"/>
        <set-variable variableName="searchFilter" value="#[message.inboundProperties.'http.uri.params'.filter]" doc:name="searchFilter"/>
        <db:select config-ref="Generic_Database_Configuration" doc:name="Get By Filter">
            <db:parameterized-query><![CDATA[SELECT [SFG_SERVER_ID]
      ,[SFG_SERVER_NAME]
      ,[SFG_SERVER_STATUS]
      ,[SFG_SERVER_APP]
      ,[SFG_SERVER_DC]
      ,[SFG_SERVER_ZONE]
      ,[SFG_SERVER_PROTOCOL]
      ,[SFG_SERVER_ADDED_DT]
      ,[SFG_SERVER_UPDATED_DT]
  FROM [SFG].[dbo].[SFG_SERVER]
  WHERE [SFG_SERVER_NAME] like :searchFilter]]></db:parameterized-query>
   <db:in-param name="searchFilter"  value="#['%'+flowVars.searchFilter+'%']"/>
        </db:select>
        <json:object-to-json-transformer mimeType="application/json" doc:name="Object to JSON"/>
        <dw:transform-message doc:name="Transform Message">
            <dw:set-payload><![CDATA[%dw 1.0
%output application/json
---
(payload when payload  != [] otherwise "No Record Found")]]></dw:set-payload>
        </dw:transform-message>
        <logger message="#[payload]" level="INFO" doc:name="Logger"/>
    </sub-flow>
         <sub-flow name="getServerByIdFlow">
        <logger level="INFO" doc:name="Logger" message="getting data from database"/>
        <set-variable variableName="serverId" value="#[message.inboundProperties.'http.uri.params'.serverid]" doc:name="serverId"/>
        <db:select config-ref="Generic_Database_Configuration" doc:name="Get By Id">
            <db:parameterized-query><![CDATA[SELECT TOP 1 [SFG_SERVER_ID]
      ,[SFG_SERVER_NAME]
      ,[SFG_SERVER_STATUS]
      ,[SFG_SERVER_APP]
      ,[SFG_SERVER_DC]
      ,[SFG_SERVER_ZONE]
      ,[SFG_SERVER_PROTOCOL]
      ,[SFG_SERVER_ADDED_DT]
      ,[SFG_SERVER_UPDATED_DT]
  FROM [SFG].[dbo].[SFG_SERVER]
  WHERE [SFG_SERVER_ID] = :serverId]]></db:parameterized-query>
   <db:in-param name="serverId"  value="#[flowVars.serverId]"/>
        </db:select>
        <json:object-to-json-transformer mimeType="application/json" doc:name="Object to JSON"/>
        <dw:transform-message doc:name="Transform Message">
            <dw:set-payload><![CDATA[%dw 1.0
%output application/json
---
 payload when payload != [] otherwise "No Record Found"

]]></dw:set-payload>
        </dw:transform-message>
        <logger message="#[payload]" level="INFO" doc:name="Logger"/>
    </sub-flow>
     <sub-flow name="postServerFlow">
      <logger level="INFO" doc:name="Logger" message="getting data from database"/>
        <json:json-to-object-transformer returnClass="java.util.HashMap" doc:name="JSON to Object"/>
        <db:insert config-ref="Generic_Database_Configuration" doc:name="Insert Record">
            <db:parameterized-query><![CDATA[INSERT INTO [SFG].[dbo].[SFG_SERVER]
([SFG_SERVER_ID],[SFG_SERVER_NAME],[SFG_SERVER_STATUS],[SFG_SERVER_APP],[SFG_SERVER_DC],[SFG_SERVER_ZONE],
[SFG_SERVER_PROTOCOL],[SFG_SERVER_ADDED_DT],[SFG_SERVER_UPDATED_DT])
VALUES
(:serverId,:serverName,:serverStatus,:serverApp,:serverDc,:serverZone,:serverProtocol,:serverAddedDt,
:serverUpdatedDt)]]></db:parameterized-query>
<db:in-param name="serverId"  value="#[payload.SFG_SERVER_ID]"/>
<db:in-param name="serverName"  value="#[payload.SFG_SERVER_NAME]"/>
<db:in-param name="serverStatus"  value="#[payload.SFG_SERVER_STATUS]"/>
<db:in-param name="serverApp"  value="#[payload.SFG_SERVER_APP]"/>
<db:in-param name="serverDc"  value="#[payload.SFG_SERVER_DC]"/>
<db:in-param name="serverZone"  value="#[payload.SFG_SERVER_ZONE]"/>
<db:in-param name="serverProtocol"  value="#[payload.SFG_SERVER_PROTOCOL]"/>
<db:in-param name="serverAddedDt"  value="#[flowVars.SFG_SERVER_ADDED_DT]"/>
<db:in-param name="serverUpdatedDt"  value="#[flowVars.SFG_SERVER_UPDATED_DT]"/>
        </db:insert>
        <logger message="#[payload]" level="INFO" doc:name="Logger"/>
        <dw:transform-message doc:name="Transform Message">
            <dw:set-payload><![CDATA[%dw 1.0
%output application/json
---
"Record Inserted Successfully"
]]></dw:set-payload>
        </dw:transform-message>
        <logger message="#[payload]" level="INFO" doc:name="Logger"/>
    </sub-flow>
      <sub-flow name="deleteServerFlow">
       <logger level="INFO" doc:name="Logger" message="getting data from database"/>
        <set-variable variableName="serverId" value="#[message.inboundProperties.'http.uri.params'.serverid]" doc:name="serverId"/>
        <db:delete config-ref="Generic_Database_Configuration" doc:name="Delete Record">
            <db:parameterized-query><![CDATA[DELETE FROM [SFG].[dbo].[SFG_SERVER] WHERE [SFG_SERVER_ID] = :serverId]]></db:parameterized-query>
			<db:in-param name="serverId"  value="#[flowVars.serverId]"/>
        </db:delete>
        <dw:transform-message doc:name="Transform Message">
            <dw:set-payload><![CDATA[%dw 1.0
%output application/json
---
("Record Deleted Successfully" when payload != 0 otherwise "No Record Found")
]]></dw:set-payload>
        </dw:transform-message>
        <logger message="#[payload]" level="INFO" doc:name="Logger"/>
    </sub-flow>
       <sub-flow name="putServerFlow">
        <logger level="INFO" doc:name="Logger" message="getting data from database"/>
        <set-variable variableName="serverId" value="#[message.inboundProperties.'http.uri.params'.serverid]" doc:name="serverId"/>
        <json:json-to-object-transformer returnClass="java.util.HashMap" doc:name="JSON to Object"/>
        <db:update config-ref="Generic_Database_Configuration" doc:name="Update record">
            <db:parameterized-query><![CDATA[UPDATE [SFG].[dbo].[SFG_SERVER] SET
[SFG_SERVER_ID] = :serverId
,[SFG_SERVER_NAME] =  :serverName
,[SFG_SERVER_STATUS] = :serverStatus
,[SFG_SERVER_APP] = :serverApp
,[SFG_SERVER_DC] = :serverDc
,[SFG_SERVER_ZONE] = :serverZone
,[SFG_SERVER_PROTOCOL] = :serverProtocol
,[SFG_SERVER_ADDED_DT] = :serverAddedDt
,[SFG_SERVER_UPDATED_DT] =:serverUpdatedDt
 where
[SFG_SERVER_ID] = :id]]></db:parameterized-query>
<db:in-param name="serverId"  value="#[payload.SFG_SERVER_ID]"/>
<db:in-param name="serverName"  value="#[payload.SFG_SERVER_NAME]"/>
<db:in-param name="serverStatus"  value="#[payload.SFG_SERVER_STATUS]"/>
<db:in-param name="serverApp"  value="#[payload.SFG_SERVER_APP]"/>
<db:in-param name="serverDc"  value="#[payload.SFG_SERVER_DC]"/>
<db:in-param name="serverZone"  value="#[payload.SFG_SERVER_ZONE]"/>
<db:in-param name="serverProtocol"  value="#[payload.SFG_SERVER_PROTOCOL]"/>
<db:in-param name="serverAddedDt"  value="#[flowVars.SFG_SERVER_ADDED_DT]"/>
<db:in-param name="serverUpdatedDt"  value="#[flowVars.SFG_SERVER_UPDATED_DT]"/>
<db:in-param name="id"  value="#[flowVars.serverId]"/>
        </db:update>
        <dw:transform-message doc:name="Transform Message">
            <dw:set-payload><![CDATA[%dw 1.0
%output application/json
---
"Record Updated Successfully" when payload != 0 otherwise "No Record Found" 
]]></dw:set-payload>
        </dw:transform-message>
        <logger message="#[payload]" level="INFO" doc:name="Logger"/>
    </sub-flow>
</mule>
