<?xml version="1.0" encoding="UTF-8"?>

<mule xmlns:json="http://www.mulesoft.org/schema/mule/json" xmlns:db="http://www.mulesoft.org/schema/mule/db" xmlns:http="http://www.mulesoft.org/schema/mule/http" xmlns:tracking="http://www.mulesoft.org/schema/mule/ee/tracking" xmlns="http://www.mulesoft.org/schema/mule/core" xmlns:doc="http://www.mulesoft.org/schema/mule/documentation"
	xmlns:spring="http://www.springframework.org/schema/beans" 
	xmlns:xsi="http://www.w3.org/2001/XMLSchema-instance"
	xsi:schemaLocation="http://www.springframework.org/schema/beans http://www.springframework.org/schema/beans/spring-beans-current.xsd
http://www.mulesoft.org/schema/mule/core http://www.mulesoft.org/schema/mule/core/current/mule.xsd
http://www.mulesoft.org/schema/mule/http http://www.mulesoft.org/schema/mule/http/current/mule-http.xsd
http://www.mulesoft.org/schema/mule/ee/tracking http://www.mulesoft.org/schema/mule/ee/tracking/current/mule-tracking-ee.xsd
http://www.mulesoft.org/schema/mule/db http://www.mulesoft.org/schema/mule/db/current/mule-db.xsd
http://www.mulesoft.org/schema/mule/json http://www.mulesoft.org/schema/mule/json/current/mule-json.xsd">
    <sub-flow name="getTransferFlow">
        <logger level="INFO" doc:name="Logger" message="getting data from database"/>
        <set-variable variableName="offset" value="#[message.inboundProperties.'http.uri.params'.offset]" doc:name="offset"/>
        <set-variable variableName="fetchsize" value="#[message.inboundProperties.'http.uri.params'.fetchsize]" doc:name="fetchsize"/>
        <db:select config-ref="Generic_Database_Configuration" doc:name="Get All Records">
            <db:parameterized-query><![CDATA[select
t.sfg_transfer_orig_name as "Filename"
,t.sfg_transfer_src_server_name as "source"
,t.sfg_transfer_dsT_server_name as "Dsource"
,t.sfg_transfer_size as "size"
,to_char(t.sfg_transfer_received_dt, 'yyyy/mm/dd hh24:mi:ss') as "Received Date"
,to_char(t.sfg_transfer_sent_dt, 'yyyy/mm/dd hh24:mi:ss') as "Sent Date"
,(select listagg(sfg_status_step || '%' || sfg_status_value || '%' ||to_char(sfg_status_added_dt, 'yyyy/mm/dd hh24:mi:ss'), ';') 
    within group (order by sfg_status_added_dt)
    from (
    select sfg_transfer_id, sfg_status_step, sfg_status_value, sfg_status_added_dt 
    from sfg_status
    order by sfg_status_added_dt asc) s where s.sfg_transfer_id = t.sfg_transfer_id ) as "Status"
from sfg_transfer t
order by t.sfg_transfer_received_dt desc]]></db:parameterized-query>
        </db:select>
        <json:object-to-json-transformer mimeType="application/json" doc:name="Object to JSON"/>
        <logger message="#[payload]" level="INFO" doc:name="Logger"/>
    </sub-flow>
     <sub-flow name="getTransferFlow_filter">
        <logger level="INFO" doc:name="Logger" message="getting data from database"/>
        <set-variable variableName="searchfilter" value="#[message.inboundProperties.'http.uri.params'.filter]" doc:name="searchfilter"/>
        <db:select config-ref="Generic_Database_Configuration" doc:name="Get Filter Records">
            <db:parameterized-query><![CDATA[select
t.sfg_transfer_orig_name as "Filename"
,t.sfg_transfer_src_server_name as "source"
,t.sfg_transfer_dsT_server_name as "Dsource"
,t.sfg_transfer_size as "size"
,to_char(t.sfg_transfer_received_dt, 'yyyy/mm/dd hh24:mi:ss') as "Received Date"
,to_char(t.sfg_transfer_sent_dt, 'yyyy/mm/dd hh24:mi:ss') as "Sent Date"
,(select listagg(sfg_status_step || '%' || sfg_status_value || '%' ||to_char(sfg_status_added_dt, 'yyyy/mm/dd hh24:mi:ss'), ';') 
    within group (order by sfg_status_added_dt)
    from (
    select sfg_transfer_id, sfg_status_step, sfg_status_value, sfg_status_added_dt 
    from sfg_status
    order by sfg_status_added_dt asc) s where s.sfg_transfer_id = t.sfg_transfer_id ) as "Status"
from sfg_transfer t
order by t.sfg_transfer_received_dt desc]]></db:parameterized-query>
        </db:select>
        <logger message="#[payload]" level="INFO" doc:name="Logger"/>
    </sub-flow>
    <sub-flow name="getTransferStatusById">
        <logger message="getting data from database" level="INFO" doc:name="Logger"/>
        <set-variable variableName="id" value="#[message.inboundProperties.'http.uri.params'.id]" doc:name="id"/>
        <db:select config-ref="Generic_Database_Configuration" doc:name="Get Transfer Status by Id">
            <db:parameterized-query><![CDATA[select
t.sfg_transfer_orig_name as "Filename"
,t.sfg_transfer_src_server_name as "source"
,t.sfg_transfer_dsT_server_name as "Dsource"
,t.sfg_transfer_size as "size"
,to_char(t.sfg_transfer_received_dt, 'yyyy/mm/dd hh24:mi:ss') as "Received Date"
,to_char(t.sfg_transfer_sent_dt, 'yyyy/mm/dd hh24:mi:ss') as "Sent Date"
,(select listagg(sfg_status_step || '%' || sfg_status_value || '%' ||to_char(sfg_status_added_dt, 'yyyy/mm/dd hh24:mi:ss'), ';') 
    within group (order by sfg_status_added_dt)
    from (
    select sfg_transfer_id, sfg_status_step, sfg_status_value, sfg_status_added_dt 
    from sfg_status
    order by sfg_status_added_dt asc) s where s.sfg_transfer_id = t.sfg_transfer_id ) as "Status"
from sfg_transfer t
order by t.sfg_transfer_received_dt desc]]></db:parameterized-query>
        </db:select>
        <logger message="#[payload]" level="INFO" doc:name="Logger"/>
    </sub-flow>
</mule>
