<?xml version="1.0" encoding="UTF-8"?>

<mule xmlns:dw="http://www.mulesoft.org/schema/mule/ee/dw" xmlns:json="http://www.mulesoft.org/schema/mule/json" xmlns:db="http://www.mulesoft.org/schema/mule/db" xmlns:http="http://www.mulesoft.org/schema/mule/http" xmlns:tracking="http://www.mulesoft.org/schema/mule/ee/tracking" xmlns="http://www.mulesoft.org/schema/mule/core" xmlns:doc="http://www.mulesoft.org/schema/mule/documentation"
	xmlns:spring="http://www.springframework.org/schema/beans" 
	xmlns:xsi="http://www.w3.org/2001/XMLSchema-instance"
	xsi:schemaLocation="http://www.springframework.org/schema/beans http://www.springframework.org/schema/beans/spring-beans-current.xsd
http://www.mulesoft.org/schema/mule/core http://www.mulesoft.org/schema/mule/core/current/mule.xsd
http://www.mulesoft.org/schema/mule/http http://www.mulesoft.org/schema/mule/http/current/mule-http.xsd
http://www.mulesoft.org/schema/mule/ee/tracking http://www.mulesoft.org/schema/mule/ee/tracking/current/mule-tracking-ee.xsd
http://www.mulesoft.org/schema/mule/db http://www.mulesoft.org/schema/mule/db/current/mule-db.xsd
http://www.mulesoft.org/schema/mule/json http://www.mulesoft.org/schema/mule/json/current/mule-json.xsd
http://www.mulesoft.org/schema/mule/ee/dw http://www.mulesoft.org/schema/mule/ee/dw/current/dw.xsd">
    <sub-flow name="getUserFlow">
        <logger level="INFO" doc:name="Logger" message="getting data from database"/>
        <set-variable variableName="offset" value="#[message.inboundProperties.'http.uri.params'.offset]" doc:name="offset"/>
        <set-variable variableName="fetchsize" value="#[message.inboundProperties.'http.uri.params'.fetchsize]" doc:name="fetchsize"/>
        <db:select config-ref="Generic_Database_Configuration" doc:name="Get All Records">
            <db:parameterized-query><![CDATA[SELECT [SFG_USER_ID]
      ,[SFG_USER_NAME]
      ,[SFG_USER_LOGON]
      ,[SFG_USER_AUTH]
      ,[SFG_USER_ROLE]
      ,[SFG_USER_UPDATED_DT]
      ,[SFG_USER_EMAIL]
  FROM [SFG].[dbo].[SFG_USER] 
  ORDER BY [SFG_USER_ID]]]></db:parameterized-query>
        </db:select>
        <dw:transform-message doc:name="Transform Message">
            <dw:set-payload><![CDATA[%dw 1.0
%output application/json
---
payload]]></dw:set-payload>
        </dw:transform-message>
        <logger message="#[payload]" level="INFO" doc:name="Logger"/>
    </sub-flow>
     <sub-flow name="getUserFlow_filter">
        <logger level="INFO" doc:name="Logger" message="getting data from database"/>
        <set-variable variableName="searchFilter" value="#[message.inboundProperties.'http.uri.params'.filter]" doc:name="searchFilter"/>
        <db:select config-ref="Generic_Database_Configuration" doc:name="Get By Filter">
            <db:parameterized-query><![CDATA[SELECT [SFG_USER_ID]
      ,[SFG_USER_NAME]
      ,[SFG_USER_LOGON]
      ,[SFG_USER_AUTH]
      ,[SFG_USER_ROLE]
      ,[SFG_USER_UPDATED_DT]
      ,[SFG_USER_EMAIL]
  FROM [SFG].[dbo].[SFG_USER] 
  WHERE [SFG_USER_NAME] like :searchFilter]]></db:parameterized-query>
  
   <db:in-param name="searchFilter"  value="#['%'+flowVars.searchFilter+'%']"/>
        </db:select>
        <json:object-to-json-transformer mimeType="application/json" doc:name="Object to JSON"/>
        <dw:transform-message doc:name="Transform Message">
            <dw:set-payload><![CDATA[%dw 1.0
%output application/json
---
(payload when payload != [] otherwise "No Record Found")]]></dw:set-payload>
        </dw:transform-message>
        <logger message="#[payload]" level="INFO" doc:name="Logger"/>
    </sub-flow>
         <sub-flow name="getUserByIdFlow">
        <logger level="INFO" doc:name="Logger" message="getting data from database"/>
        <set-variable variableName="userId" value="#[message.inboundProperties.'http.uri.params'.userid]" doc:name="userId"/>
        <db:select config-ref="Generic_Database_Configuration" doc:name="Get By Id">
            <db:parameterized-query><![CDATA[SELECT TOP 1 [SFG_USER_ID]
      ,[SFG_USER_NAME]
      ,[SFG_USER_LOGON]
      ,[SFG_USER_AUTH]
      ,[SFG_USER_ROLE]
      ,[SFG_USER_UPDATED_DT]
      ,[SFG_USER_EMAIL]
  FROM [SFG].[dbo].[SFG_USER] 
  WHERE [SFG_USER_ID]= :userId]]></db:parameterized-query>
  <db:in-param name="userId"  value="#[flowVars.userId]"/>
        </db:select>
        <json:object-to-json-transformer mimeType="application/json" doc:name="Object to JSON"/>
        <dw:transform-message doc:name="Transform Message">
            <dw:set-payload><![CDATA[%dw 1.0
%output application/json
---
 payload when payload != [] otherwise "No Record Found"

]]></dw:set-payload>
        </dw:transform-message>
        <logger message="#[payload]" level="INFO" doc:name="Logger"/>
    </sub-flow>
     <sub-flow name="postUserFlow">
      <logger level="INFO" doc:name="Logger" message="getting data from database"/>
        <json:json-to-object-transformer returnClass="java.util.HashMap" doc:name="JSON to Object"/>
        <db:insert config-ref="Generic_Database_Configuration" doc:name="Insert Record">
            <db:parameterized-query><![CDATA[INSERT INTO [SFG].[dbo].[SFG_USER]
([SFG_USER_ID],[SFG_USER_NAME],[SFG_USER_LOGON],[SFG_USER_AUTH],[SFG_USER_ROLE],
[SFG_USER_UPDATED_DT],[SFG_USER_EMAIL])
VALUES
(:userId,:userName,:userLogin,:userAuth,:userRole,:userDT,:userEmail)]]></db:parameterized-query>
		<db:in-param name="userId"  value="#[payload.SFG_USER_ID]"/>
		<db:in-param name="userName"  value="#[payload.SFG_USER_NAME]"/>
		<db:in-param name="userLogin"  value="#[payload.SFG_USER_LOGON]"/>
		<db:in-param name="userAuth"  value="#[payload.SFG_USER_AUTH]"/>
		<db:in-param name="userRole"  value="#[payload.SFG_USER_ROLE]"/>
		<db:in-param name="userDT"  value="#[payload.SFG_USER_UPDATED_DT]"/>
		<db:in-param name="userEmail"  value="#[payload.SFG_USER_EMAIL]"/>
        </db:insert>
        <logger message="#[payload]" level="INFO" doc:name="Logger"/>
        <dw:transform-message doc:name="Transform Message">
            <dw:set-payload><![CDATA[%dw 1.0
%output application/json
---
"Record Inserted Successfully"
]]></dw:set-payload>
        </dw:transform-message>
        <logger message="#[payload]" level="INFO" doc:name="Logger"/>
    </sub-flow>
      <sub-flow name="deleteUserFlow">
       <logger level="INFO" doc:name="Logger" message="getting data from database"/>
        <set-variable variableName="userId" value="#[message.inboundProperties.'http.uri.params'.userid]" doc:name="userId"/>
        <db:delete config-ref="Generic_Database_Configuration" doc:name="Delete Record">
            <db:parameterized-query><![CDATA[Delete from [SFG].[dbo].[SFG_USER] where SFG_USER_ID = :userId]]></db:parameterized-query>
        <db:in-param name="userId"  value="#[flowVars.userId]"/>
        </db:delete>
        <dw:transform-message doc:name="Transform Message">
            <dw:set-payload><![CDATA[%dw 1.0
%output application/json
---
("Record Deleted Successfully" when payload != 0 otherwise "No Record Found")
]]></dw:set-payload>
        </dw:transform-message>
        <logger message="#[payload]" level="INFO" doc:name="Logger"/>
    </sub-flow>
       <sub-flow name="putUserFlow">
        <logger level="INFO" doc:name="Logger" message="getting data from database"/>
        <set-variable variableName="userId" value="#[message.inboundProperties.'http.uri.params'.userid]" doc:name="userId"/>
        <json:json-to-object-transformer returnClass="java.util.HashMap" doc:name="JSON to Object"/>
        <db:update config-ref="Generic_Database_Configuration" doc:name="Update record">
            <db:parameterized-query><![CDATA[UPDATE [SFG].[dbo].[SFG_USER] SET
[SFG_USER_ID] = :userId,
[SFG_USER_NAME] = :userName,
[SFG_USER_LOGON] = :userLogin,
[SFG_USER_AUTH] = :userAuth,
[SFG_USER_ROLE] = :userRole,
[SFG_USER_UPDATED_DT] = :userDT,
[SFG_USER_EMAIL] = :userEmail
 where
[SFG_USER_ID] = :id]]></db:parameterized-query>
		<db:in-param name="userId"  value="#[payload.SFG_USER_ID]"/>
		<db:in-param name="userName"  value="#[payload.SFG_USER_NAME]"/>
		<db:in-param name="userLogin"  value="#[payload.SFG_USER_LOGON]"/>
		<db:in-param name="userAuth"  value="#[payload.SFG_USER_AUTH]"/>
		<db:in-param name="userRole"  value="#[payload.SFG_USER_ROLE]"/>
		<db:in-param name="userDT"  value="#[payload.SFG_USER_UPDATED_DT]"/>
		<db:in-param name="userEmail"  value="#[payload.SFG_USER_EMAIL]"/>
		<db:in-param name="id"  value="#[flowVars.userId]"/>
        </db:update>
        <dw:transform-message doc:name="Transform Message">
            <dw:set-payload><![CDATA[%dw 1.0
%output application/json
---
"Record Updated Successfully" when payload != 0 otherwise "No Record Found" 
]]></dw:set-payload>
        </dw:transform-message>
        <logger message="#[payload]" level="INFO" doc:name="Logger"/>
    </sub-flow>
</mule>
